ID,Emailadresse,Loginname,Vorname,Nachname,Geschlecht
0001,anne.wandstehn@example.com,awandstehn,Anne,Wandstehn,Weiblich
0002,axel.schweiss@example.com,aschweiss,Axel,Schweiß,Männlich
0003,clara.klapperich@example.com,cklapperich,Clara,Klapperich,Weiblich
0004,will.held@example.com,wheld,Will,Held,Männlich
0005,u.melda@example.com,umelda,Uwe,Melda,Männlich
0006,irma.gurt@example.com,igurt,Irma,Gurt,Weiblich
0007,siegfried.kraft@example.com,skraft,Siegfried,Kraft,Männlich
0008,karl.heinz@example.com,kheinze,Karl,Heinz,Männlich
0009,cosima.riecher@example.com,criecher,Cosima,Riecher,Weiblich
0010,luke.warm@example.com,lwarm,Luke,Warm,Männlich